{
  "n_designs": 500,
  "n_pareto": 1,
  "reference_point": [
    6.508387088775635,
    5.055284023284912
  ],
  "hypervolume": 18.564563768078415,
  "pareto_points": [
    [
      10.147887229919434,
      10.156139373779297
    ]
  ]
}