{
  "n_designs": 500,
  "n_pareto": 1,
  "reference_point": [
    4.212931156158447,
    3.80019082069397
  ],
  "hypervolume": 18.89321094332003,
  "pareto_points": [
    [
      8.770745277404785,
      7.945425891876221
    ]
  ]
}