{
  "n_designs": 5,
  "n_pareto": 1,
  "reference_point": [
    4.575997829437256,
    4.571275234222412
  ],
  "hypervolume": 2.5110079173534814,
  "pareto_points": [
    [
      6.187064170837402,
      6.129875183105469
    ]
  ]
}