{
  "selected_t_evo": 0.5,
  "candidates": [
    0.5,
    1.0,
    2.0,
    5.0
  ],
  "distance_metric": "mean_abs_cdf_delta",
  "scores": {
    "0.5": 0.7377639548988045,
    "1.0": 0.7931152821654569,
    "2.0": 0.8747541371113713,
    "5.0": 0.8988901169918689
  }
}