{
  "n_designs": 1,
  "n_pareto": 1,
  "reference_point": [
    5.741929054260254,
    4.3287506103515625
  ],
  "hypervolume": 0.0,
  "pareto_points": [
    [
      5.741929054260254,
      4.3287506103515625
    ]
  ]
}