{
  "n_designs": 500,
  "n_pareto": 1,
  "reference_point": [
    4.074532985687256,
    3.7857288360595702
  ],
  "hypervolume": 14.543278440581572,
  "pareto_points": [
    [
      8.215348243713379,
      7.297906398773193
    ]
  ]
}