{
  "n_designs": 500,
  "n_pareto": 2,
  "reference_point": [
    0.0,
    0.0
  ],
  "hypervolume": 0.05340054586266707,
  "pareto_points": [
    [
      0.2398989898989899,
      0.2225959595959596
    ],
    [
      0.2398989898989899,
      0.2225959595959596
    ]
  ]
}